<annotation>
	<folder>my-project-name</folder>
	<filename>matang_8.PNG</filename>
	<path>/my-project-name/matang_8.PNG</path>
	<source>
		<database>Unspecified</database>
	</source>
	<size>
		<width>388</width>
		<height>371</height>
		<depth>3</depth>
	</size>
	<object>
		<name>Matang</name>
		<pose>Unspecified</pose>
		<truncated>Unspecified</truncated>
		<difficult>Unspecified</difficult>
		<bndbox>
			<xmin>77</xmin>
			<ymin>28</ymin>
			<xmax>383</xmax>
			<ymax>326</ymax>
		</bndbox>
	</object>
</annotation>