<annotation>
	<folder>my-project-name</folder>
	<filename>matang_6.PNG</filename>
	<path>/my-project-name/matang_6.PNG</path>
	<source>
		<database>Unspecified</database>
	</source>
	<size>
		<width>516</width>
		<height>366</height>
		<depth>3</depth>
	</size>
	<object>
		<name>Matang</name>
		<pose>Unspecified</pose>
		<truncated>Unspecified</truncated>
		<difficult>Unspecified</difficult>
		<bndbox>
			<xmin>62</xmin>
			<ymin>12</ymin>
			<xmax>475</xmax>
			<ymax>314</ymax>
		</bndbox>
	</object>
</annotation>