<annotation>
	<folder>my-project-name</folder>
	<filename>matang_4.PNG</filename>
	<path>/my-project-name/matang_4.PNG</path>
	<source>
		<database>Unspecified</database>
	</source>
	<size>
		<width>506</width>
		<height>386</height>
		<depth>3</depth>
	</size>
	<object>
		<name>Matang</name>
		<pose>Unspecified</pose>
		<truncated>Unspecified</truncated>
		<difficult>Unspecified</difficult>
		<bndbox>
			<xmin>84</xmin>
			<ymin>55</ymin>
			<xmax>450</xmax>
			<ymax>332</ymax>
		</bndbox>
	</object>
</annotation>