<annotation>
	<folder>my-project-name</folder>
	<filename>matang_1.PNG</filename>
	<path>/my-project-name/matang_1.PNG</path>
	<source>
		<database>Unspecified</database>
	</source>
	<size>
		<width>448</width>
		<height>361</height>
		<depth>3</depth>
	</size>
	<object>
		<name>Matang</name>
		<pose>Unspecified</pose>
		<truncated>Unspecified</truncated>
		<difficult>Unspecified</difficult>
		<bndbox>
			<xmin>97</xmin>
			<ymin>23</ymin>
			<xmax>385</xmax>
			<ymax>324</ymax>
		</bndbox>
	</object>
</annotation>