<annotation>
	<folder>my-project-name</folder>
	<filename>matang_3.PNG</filename>
	<path>/my-project-name/matang_3.PNG</path>
	<source>
		<database>Unspecified</database>
	</source>
	<size>
		<width>458</width>
		<height>379</height>
		<depth>3</depth>
	</size>
	<object>
		<name>Matang</name>
		<pose>Unspecified</pose>
		<truncated>Unspecified</truncated>
		<difficult>Unspecified</difficult>
		<bndbox>
			<xmin>11</xmin>
			<ymin>35</ymin>
			<xmax>405</xmax>
			<ymax>351</ymax>
		</bndbox>
	</object>
</annotation>