<annotation>
	<folder>my-project-name</folder>
	<filename>matang_10.PNG</filename>
	<path>/my-project-name/matang_10.PNG</path>
	<source>
		<database>Unspecified</database>
	</source>
	<size>
		<width>367</width>
		<height>316</height>
		<depth>3</depth>
	</size>
	<object>
		<name>Matang</name>
		<pose>Unspecified</pose>
		<truncated>Unspecified</truncated>
		<difficult>Unspecified</difficult>
		<bndbox>
			<xmin>38</xmin>
			<ymin>24</ymin>
			<xmax>333</xmax>
			<ymax>280</ymax>
		</bndbox>
	</object>
</annotation>