<annotation>
	<folder>my-project-name</folder>
	<filename>matang_9.PNG</filename>
	<path>/my-project-name/matang_9.PNG</path>
	<source>
		<database>Unspecified</database>
	</source>
	<size>
		<width>415</width>
		<height>339</height>
		<depth>3</depth>
	</size>
	<object>
		<name>Matang</name>
		<pose>Unspecified</pose>
		<truncated>Unspecified</truncated>
		<difficult>Unspecified</difficult>
		<bndbox>
			<xmin>41</xmin>
			<ymin>30</ymin>
			<xmax>397</xmax>
			<ymax>304</ymax>
		</bndbox>
	</object>
</annotation>