<annotation>
	<folder>my-project-name</folder>
	<filename>matang_5.PNG</filename>
	<path>/my-project-name/matang_5.PNG</path>
	<source>
		<database>Unspecified</database>
	</source>
	<size>
		<width>494</width>
		<height>350</height>
		<depth>3</depth>
	</size>
	<object>
		<name>Matang</name>
		<pose>Unspecified</pose>
		<truncated>Unspecified</truncated>
		<difficult>Unspecified</difficult>
		<bndbox>
			<xmin>38</xmin>
			<ymin>20</ymin>
			<xmax>426</xmax>
			<ymax>297</ymax>
		</bndbox>
	</object>
</annotation>