<annotation>
	<folder>my-project-name</folder>
	<filename>matang_2.PNG</filename>
	<path>/my-project-name/matang_2.PNG</path>
	<source>
		<database>Unspecified</database>
	</source>
	<size>
		<width>425</width>
		<height>363</height>
		<depth>3</depth>
	</size>
	<object>
		<name>Matang</name>
		<pose>Unspecified</pose>
		<truncated>Unspecified</truncated>
		<difficult>Unspecified</difficult>
		<bndbox>
			<xmin>24</xmin>
			<ymin>1</ymin>
			<xmax>406</xmax>
			<ymax>340</ymax>
		</bndbox>
	</object>
</annotation>