<annotation>
	<folder>my-project-name</folder>
	<filename>matang_7.PNG</filename>
	<path>/my-project-name/matang_7.PNG</path>
	<source>
		<database>Unspecified</database>
	</source>
	<size>
		<width>376</width>
		<height>399</height>
		<depth>3</depth>
	</size>
	<object>
		<name>Matang</name>
		<pose>Unspecified</pose>
		<truncated>Unspecified</truncated>
		<difficult>Unspecified</difficult>
		<bndbox>
			<xmin>39</xmin>
			<ymin>20</ymin>
			<xmax>376</xmax>
			<ymax>316</ymax>
		</bndbox>
	</object>
</annotation>