<annotation>
	<folder>my-project-name</folder>
	<filename>mentah_4.PNG</filename>
	<path>/my-project-name/mentah_4.PNG</path>
	<source>
		<database>Unspecified</database>
	</source>
	<size>
		<width>397</width>
		<height>385</height>
		<depth>3</depth>
	</size>
	<object>
		<name>Belum Matang</name>
		<pose>Unspecified</pose>
		<truncated>Unspecified</truncated>
		<difficult>Unspecified</difficult>
		<bndbox>
			<xmin>12</xmin>
			<ymin>53</ymin>
			<xmax>345</xmax>
			<ymax>317</ymax>
		</bndbox>
	</object>
</annotation>