<annotation>
	<folder>my-project-name</folder>
	<filename>mentah_10.PNG</filename>
	<path>/my-project-name/mentah_10.PNG</path>
	<source>
		<database>Unspecified</database>
	</source>
	<size>
		<width>448</width>
		<height>306</height>
		<depth>3</depth>
	</size>
	<object>
		<name>Belum Matang</name>
		<pose>Unspecified</pose>
		<truncated>Unspecified</truncated>
		<difficult>Unspecified</difficult>
		<bndbox>
			<xmin>34</xmin>
			<ymin>21</ymin>
			<xmax>369</xmax>
			<ymax>270</ymax>
		</bndbox>
	</object>
</annotation>