<annotation>
	<folder>my-project-name</folder>
	<filename>mentah_1.PNG</filename>
	<path>/my-project-name/mentah_1.PNG</path>
	<source>
		<database>Unspecified</database>
	</source>
	<size>
		<width>419</width>
		<height>354</height>
		<depth>3</depth>
	</size>
	<object>
		<name>Belum Matang</name>
		<pose>Unspecified</pose>
		<truncated>Unspecified</truncated>
		<difficult>Unspecified</difficult>
		<bndbox>
			<xmin>58</xmin>
			<ymin>36</ymin>
			<xmax>358</xmax>
			<ymax>279</ymax>
		</bndbox>
	</object>
</annotation>