<annotation>
	<folder>my-project-name</folder>
	<filename>mentah_2.PNG</filename>
	<path>/my-project-name/mentah_2.PNG</path>
	<source>
		<database>Unspecified</database>
	</source>
	<size>
		<width>500</width>
		<height>375</height>
		<depth>3</depth>
	</size>
	<object>
		<name>Belum Matang</name>
		<pose>Unspecified</pose>
		<truncated>Unspecified</truncated>
		<difficult>Unspecified</difficult>
		<bndbox>
			<xmin>81</xmin>
			<ymin>49</ymin>
			<xmax>452</xmax>
			<ymax>299</ymax>
		</bndbox>
	</object>
</annotation>