<annotation>
	<folder>my-project-name</folder>
	<filename>mentah_9.PNG</filename>
	<path>/my-project-name/mentah_9.PNG</path>
	<source>
		<database>Unspecified</database>
	</source>
	<size>
		<width>422</width>
		<height>349</height>
		<depth>3</depth>
	</size>
	<object>
		<name>Belum Matang</name>
		<pose>Unspecified</pose>
		<truncated>Unspecified</truncated>
		<difficult>Unspecified</difficult>
		<bndbox>
			<xmin>33</xmin>
			<ymin>44</ymin>
			<xmax>417</xmax>
			<ymax>324</ymax>
		</bndbox>
	</object>
</annotation>