<annotation>
	<folder>my-project-name</folder>
	<filename>mentah_7.PNG</filename>
	<path>/my-project-name/mentah_7.PNG</path>
	<source>
		<database>Unspecified</database>
	</source>
	<size>
		<width>473</width>
		<height>355</height>
		<depth>3</depth>
	</size>
	<object>
		<name>Belum Matang</name>
		<pose>Unspecified</pose>
		<truncated>Unspecified</truncated>
		<difficult>Unspecified</difficult>
		<bndbox>
			<xmin>40</xmin>
			<ymin>40</ymin>
			<xmax>422</xmax>
			<ymax>302</ymax>
		</bndbox>
	</object>
</annotation>