<annotation>
	<folder>my-project-name</folder>
	<filename>mentah_8.PNG</filename>
	<path>/my-project-name/mentah_8.PNG</path>
	<source>
		<database>Unspecified</database>
	</source>
	<size>
		<width>435</width>
		<height>365</height>
		<depth>3</depth>
	</size>
	<object>
		<name>Belum Matang</name>
		<pose>Unspecified</pose>
		<truncated>Unspecified</truncated>
		<difficult>Unspecified</difficult>
		<bndbox>
			<xmin>91</xmin>
			<ymin>10</ymin>
			<xmax>406</xmax>
			<ymax>319</ymax>
		</bndbox>
	</object>
</annotation>