<annotation>
	<folder>my-project-name</folder>
	<filename>mentah_6.PNG</filename>
	<path>/my-project-name/mentah_6.PNG</path>
	<source>
		<database>Unspecified</database>
	</source>
	<size>
		<width>449</width>
		<height>396</height>
		<depth>3</depth>
	</size>
	<object>
		<name>Belum Matang</name>
		<pose>Unspecified</pose>
		<truncated>Unspecified</truncated>
		<difficult>Unspecified</difficult>
		<bndbox>
			<xmin>79</xmin>
			<ymin>39</ymin>
			<xmax>406</xmax>
			<ymax>319</ymax>
		</bndbox>
	</object>
</annotation>