<annotation>
	<folder>my-project-name</folder>
	<filename>mentah_5.PNG</filename>
	<path>/my-project-name/mentah_5.PNG</path>
	<source>
		<database>Unspecified</database>
	</source>
	<size>
		<width>457</width>
		<height>422</height>
		<depth>3</depth>
	</size>
	<object>
		<name>Belum Matang</name>
		<pose>Unspecified</pose>
		<truncated>Unspecified</truncated>
		<difficult>Unspecified</difficult>
		<bndbox>
			<xmin>75</xmin>
			<ymin>49</ymin>
			<xmax>444</xmax>
			<ymax>342</ymax>
		</bndbox>
	</object>
</annotation>